num_samples,num_classes,area,pixel_mean_r,pixel_std_r,pixel_mean_g,pixel_std_g,pixel_mean_b,pixel_std_b,class_entropy,dataset
50000,10,1024,0.4913996017695404,0.2470321054648597,0.4821583872638829,0.2434848872188191,0.4465307735290751,0.2615878321333183,3.321928094887362,CIFAR10
50000,100,1024,0.5070749008939601,0.2673345894087095,0.4865487697647139,0.2564384811173261,0.4409176456258073,0.2761506531603516,6.643856189774724,CIFAR100
60000,10,784,0.2860406986927702,0.3530241846559918,0.2860406986927702,0.3530241846559918,0.2860406986927702,0.3530241846559918,3.321928094887362,FashionMNIST
73257,10,1024,0.4376815097797027,0.198031184181473,0.4437691044019508,0.2010166823745854,0.4728037380435187,0.1970374651793622,3.226438318599965,SVHN
5000,10,9216,0.4467112095355987,0.2603399082962255,0.4398103212051921,0.2565763775454372,0.4066475306974517,0.2712658461224009,3.321928094887362,STL10
1880,47,307200,0.5313327522002026,0.2714253103053455,0.4750170189892691,0.2629701530171234,0.4268833694297415,0.2707335431580268,5.55458885167764,DTD
8677,101,171870,0.5420687926660074,0.3155828438553916,0.5230375904280854,0.3090986211415703,0.496605032846586,0.3204581785797084,6.039187144321291,Caltech-101
30607,257,138722,0.511507884436187,0.3145122498964653,0.4933692493413603,0.3095297315190581,0.4636845316243353,0.3226164756595276,7.810410906647986,Caltech-256
27000,10,4096,0.3443772393956228,0.2026573388728774,0.3802919841447362,0.1368905933980304,0.4077711060538336,0.115543743926142,3.310675707360099,EuroSAT
26640,43,870,0.3805390667930531,0.3030625490292202,0.3484410388041621,0.2949817270365504,0.3574222565827576,0.3006571117122981,5.045337020388495,GTSRB
3680,37,197000,0.4777357122530221,0.268040511866095,0.443387883777054,0.2630834192422017,0.3939904230037647,0.2697406016809649,5.209278887273793,Oxford-IIIT Pet
75750,101,262144,0.5491974643559053,0.2731709595635978,0.4449749339474403,0.2759278247359326,0.3434402182959049,0.2799079572399699,6.658211482751794,Food-101
