num_samples,num_classes,area,class_entropy,tv,arniqa,clip_iqa,f1.mean,f1.sd,f2.mean,f2.sd,l1.mean,l1.sd,l2.mean,l2.sd,l3.mean,l3.sd,n1,t1,pixel_mean_r,pixel_std_r,pixel_mean_g,pixel_std_g,pixel_mean_b,pixel_std_b,dataset
50000,10,1024,3.321928094887362,2141.5776,0.3761827,0.23019326,0.9699592228505631,0.08365685580177852,1.209996694397705e-14,4.284118683643115e-14,0.006583717999649575,0.018803652456846197,0.004844444444444446,0.01736369718112994,0.021000000000000015,0.024508811031582468,0.5682,0.993,0.49139960176954045,0.2470321054648597,0.4821583872638829,0.24348488721881917,0.4465307735290751,0.2615878321333183,CIFAR10
50000,100,1024,6.643856189774724,2044.8038,0.38422248,0.25537574,0.8882130489497881,0.10219358024347865,1.7456904618728346e-20,9.788421506247167e-19,0.0,0.0,0.0,0.0,0.00020404040404040422,0.0017579263206580185,0.8104,0.9872,0.5070749008939601,0.2673345894087095,0.48654876976471395,0.25643848111732614,0.4409176456258073,0.27615065316035164,CIFAR100
60000,10,784,3.321928094887362,2576.6223,0.3464337,0.23745269,0.958125584231498,0.12618847384414972,7.672172564183995e-14,3.6803565383758225e-13,0.003988480474334676,0.013705301354128582,0.002488888888888891,0.009794762566666634,0.010822222222222226,0.022849596066540006,0.282,0.923,0.2860406986927702,0.3530241846559918,0.2860406986927702,0.3530241846559918,0.2860406986927702,0.3530241846559918,FashionMNIST
73257,10,1024,3.226438318599965,1154.2075,0.63866067,0.15079467,0.9742966587040426,0.04062581438126169,4.6229785358159463e-17,9.036270882871334e-17,0.010331324307149418,0.01932335695773909,0.008575466330134018,0.017025566794764704,0.04209108983458965,0.020710723621479864,0.6648,0.996,0.4376815097797027,0.19803118418147303,0.4437691044019508,0.2010166823745854,0.4728037380435187,0.19703746517936227,SVHN
5000,10,9216,3.321928094887362,4969.3545,0.34812152,0.51649666,0.9575199596335557,0.12341853092748992,1.545090250445338e-17,5.485759888804221e-17,0.0,0.0,0.0,0.0,0.004888888888888893,0.00794361442298216,0.2642,0.8856,0.44671120953559873,0.2603399082962255,0.43981032120519215,0.2565763775454372,0.4066475306974517,0.27126584612240096,STL10
1880,47,307200,5.55458885167764,12470.224,0.6000244,0.5410318,0.9022219177056596,0.10791912928858714,8.436888430906673e-31,1.5595064217529977e-29,0.0,0.0,0.0,0.0,0.001988899167437555,0.007575170624530464,0.6925531914893617,0.9420212765957446,0.5313327522002026,0.27142531030534556,0.4750170189892691,0.26297015301712345,0.4268833694297415,0.2707335431580268,DTD
8677,101,171870,6.039187144321291,9059.098,0.48541456,0.59900177,0.7345199540039868,0.18792277543705793,1.7016820524623358e-23,1.0713499757691771e-21,3.929310541079525e-07,2.7922997816782726e-05,3.9446175693266503e-07,2.8031774690449854e-05,2.4584603808038633e-05,0.0008553123524599296,0.2554,0.718,0.5420687926660074,0.31558284385539165,0.5230375904280854,0.30909862114157033,0.496605032846586,0.3204581785797084,Caltech-101
30607,257,138722,7.810410906647986,8419.339,0.5257882,0.64385116,0.726400758071726,0.13953482627472205,6.078674989207481e-29,7.158716953399731e-27,0.0,0.0,0.0,0.0,2.7966569191300547e-06,0.00024026982116796984,0.6276,0.9136,0.511507884436187,0.3145122498964653,0.49336924934136034,0.30952973151905816,0.46368453162433537,0.3226164756595276,Caltech-256
27000,10,4096,3.310675707360099,1536.2834,0.31194037,0.1668173,0.9616259839601291,0.11543447054312499,2.3452663527623363e-15,1.527554788784582e-14,0.0010074224678058396,0.00675799536022335,0.0005039596832253412,0.0033806643288333705,0.005706823691490485,0.01223481972384595,0.613,0.9128,0.34437723939562287,0.2026573388728774,0.3802919841447362,0.13689059339803045,0.4077711060538336,0.11554374392614206,EuroSAT
26640,43,870,5.045337020388495,2254.5857,0.3296155,0.17718813,0.8735995997139988,0.12070971825575895,7.135043557570593e-18,1.8995832374806122e-16,0.0,0.0,0.0,0.0,0.00028443678275840215,0.002033465278819739,0.2174,0.7024,0.38053906679305316,0.30306254902922025,0.3484410388041621,0.29498172703655046,0.3574222565827576,0.30065711171229814,GTSRB
75750,101,262144,6.658211482751794,7590.364,0.5883253,0.3629364,0.9226180852044498,0.07350230020737755,4.2395473387699717e-20,4.651325929653405e-19,0.0,0.0,0.0,0.0,0.00044152088678255525,0.0023577659190121853,0.892,0.9992,0.5491974643559053,0.2731709595635978,0.44497493394744037,0.2759278247359326,0.3434402182959049,0.2799079572399699,Food-101
