dataset,model,fold,acc_top1,acc_top5,f1,train_time,val_time
CIFAR10,AlexNet-1L,0,0.7574,0.9881,0.756170403654564,44.38735510001425,15.547196500003338
CIFAR10,AlexNet-1L,1,0.7641,0.9874,0.7625737136710071,44.0531684999587,15.63560870004585
CIFAR10,AlexNet-1L,2,0.7573,0.9897,0.7557059223806366,43.86491390003357,15.727577899990138
CIFAR10,AlexNet-1L,3,0.7553,0.9857,0.7542257785883517,43.610886799986474,15.531836699985433
CIFAR10,AlexNet-1L,4,0.7676,0.988,0.7664755034445639,43.46507700002985,15.749588900012895
CIFAR10,ResNet18-1L,0,0.6541,0.967,0.6515520550190426,44.85291309998138,16.40792440000223
CIFAR10,ResNet18-1L,1,0.6497,0.9634,0.6457513690106033,45.30991389998235,16.4538347000489
CIFAR10,ResNet18-1L,2,0.6609,0.9662,0.6577250359963995,44.768725600035395,16.59426009998424
CIFAR10,ResNet18-1L,3,0.6574,0.9646,0.654687537304991,45.08249960001558,16.406874100037385
CIFAR10,ResNet18-1L,4,0.6562,0.9675,0.654022189561555,44.85803649999434,16.49052940000547
CIFAR10,Inception-1L,0,0.6456,0.9602,0.6404944990695274,95.12229640001897,39.72391319996677
CIFAR10,Inception-1L,1,0.6442,0.9606,0.6406063381769684,94.63431180000771,39.690667400020175
CIFAR10,Inception-1L,2,0.6515,0.9642,0.648690297225813,94.61653509997996,39.59984260000056
CIFAR10,Inception-1L,3,0.651,0.9669,0.648092305594881,94.72777860000497,39.585665500024334
CIFAR10,Inception-1L,4,0.6434,0.9571,0.6383333042231373,94.74109450000105,39.622605000040494
CIFAR10,AlexNet-NF,0,0.8671,0.9954,0.8681941269460388,44.591482700023334,14.909735699999146
CIFAR10,AlexNet-NF,1,0.8681,0.9962,0.8678393194486909,44.52590180002153,14.491684000007808
CIFAR10,AlexNet-NF,2,0.8646,0.9955,0.8647770050446717,44.78492880001431,14.762904599949252
CIFAR10,AlexNet-NF,3,0.8663,0.9965,0.8668963576977274,44.87369579996448,14.637598000001162
CIFAR10,AlexNet-NF,4,0.8705,0.996,0.8703879148429472,44.68878950004,14.88379019999411
CIFAR10,ResNet18-NF,0,0.9325,0.9988,0.9325607010116487,76.19684270001017,15.602546599984635
CIFAR10,ResNet18-NF,1,0.9209,0.9981,0.9213833581664683,75.71917729999404,16.343785399978515
CIFAR10,ResNet18-NF,2,0.9186,0.9984,0.9180615785516869,75.2925684999791,16.353553000022657
CIFAR10,ResNet18-NF,3,0.9287,0.9988,0.9289235959112123,75.66693320003105,16.591794900014065
CIFAR10,ResNet18-NF,4,0.9175,0.9984,0.9171433025208297,75.57335349998903,16.41146299999673
CIFAR100,AlexNet-1L,0,0.4844,0.8001,0.46835862551117435,41.44483769999351,15.239299000008032
CIFAR100,AlexNet-1L,1,0.4959,0.8062,0.48499422636147904,44.019596299971454,15.547780799970496
CIFAR100,AlexNet-1L,2,0.4863,0.8009,0.47531831170581706,43.21129780000774,14.880350999999791
CIFAR100,AlexNet-1L,3,0.4837,0.7908,0.47307472919000665,43.12180229998194,15.07048420002684
CIFAR100,AlexNet-1L,4,0.4917,0.8051,0.4793177832941521,42.81812609999906,14.290857999993023
CIFAR100,ResNet18-1L,0,0.2579,0.5655,0.2325781014741396,43.47237149998546,15.584048699995037
CIFAR100,ResNet18-1L,1,0.2602,0.5758,0.2417038829635549,46.03180549998069,15.633616199949756
CIFAR100,ResNet18-1L,2,0.2636,0.578,0.24360529876517967,45.03203780000331,16.336740600003395
CIFAR100,ResNet18-1L,3,0.2641,0.5643,0.24131927780666035,44.58953279996058,15.544258299982175
CIFAR100,ResNet18-1L,4,0.2749,0.5809,0.256566411931212,42.49809449998429,15.509308899985626
CIFAR100,Inception-1L,0,0.323,0.6304,0.2922458104029766,96.75581629999215,40.227734500018414
CIFAR100,Inception-1L,1,0.3417,0.6402,0.31423221311301935,96.127932399977,39.29716409998946
CIFAR100,Inception-1L,2,0.3348,0.6381,0.30543279432762166,95.72105659998488,39.056394499959424
CIFAR100,Inception-1L,3,0.3238,0.629,0.2982190049355051,96.29744629998459,39.429442499997094
CIFAR100,Inception-1L,4,0.332,0.6315,0.3045391669482907,95.06371299998136,39.555295199970715
CIFAR100,AlexNet-NF,0,0.5983,0.8809,0.5904573463975873,45.236314599984325,14.845377499994356
CIFAR100,AlexNet-NF,1,0.5913,0.8823,0.5821363794702807,44.463372999976855,14.893887399986852
CIFAR100,AlexNet-NF,2,0.5858,0.8751,0.5825768394687961,44.730929300014395,14.713004999968689
CIFAR100,AlexNet-NF,3,0.6039,0.8899,0.6032827735878632,44.811317200015765,14.79931770003168
CIFAR100,AlexNet-NF,4,0.599,0.8808,0.5954806047727508,44.809542100003455,14.69016840000404
CIFAR100,ResNet18-NF,0,0.6971,0.9385,0.6917562955894406,75.96567919995869,16.611278600001242
CIFAR100,ResNet18-NF,1,0.6902,0.9322,0.6881015501569984,75.85973510000622,16.278508699964732
CIFAR100,ResNet18-NF,2,0.7026,0.9311,0.6996217459531092,75.86531419999665,16.102386699989438
CIFAR100,ResNet18-NF,3,0.6954,0.9377,0.6922749364504415,75.87854499998502,16.51688650000142
CIFAR100,ResNet18-NF,4,0.7003,0.9299,0.6990403379901775,75.84026680001989,16.334059500019066
FashionMNIST,AlexNet-1L,0,0.8208333333333333,0.9946666666666667,0.8184637134687167,54.93136529996991,19.750789999961853
FashionMNIST,AlexNet-1L,1,0.8313333333333334,0.99575,0.8289044882016295,54.80418019997887,19.794986699998844
FashionMNIST,AlexNet-1L,2,0.8219166666666666,0.99525,0.8201192125400247,54.765373300004285,19.776464399998076
FashionMNIST,AlexNet-1L,3,0.8214166666666667,0.995,0.8202132882761118,54.80595020001056,19.727995500026736
FashionMNIST,AlexNet-1L,4,0.8190833333333334,0.9943333333333333,0.8156284899052706,54.69446590001462,19.516710099997
FashionMNIST,ResNet18-1L,0,0.7754166666666666,0.9885833333333334,0.7746266347923279,56.27783100004308,20.590565799968317
FashionMNIST,ResNet18-1L,1,0.7723333333333333,0.9880833333333333,0.7708735758085613,56.09451679995982,20.605665099981707
FashionMNIST,ResNet18-1L,2,0.76875,0.9875,0.7627742740294537,56.18324189999839,20.532903800019994
FashionMNIST,ResNet18-1L,3,0.7668333333333334,0.989,0.7655579465886901,56.13983780000126,20.69460629997775
FashionMNIST,ResNet18-1L,4,0.7728333333333334,0.98975,0.7725206784008923,56.33446040004492,20.5464406000101
FashionMNIST,Inception-1L,0,0.739,0.984,0.7304095666525618,113.63849629997276,48.20802309998544
FashionMNIST,Inception-1L,1,0.7499166666666667,0.9859166666666667,0.7467040853594964,113.8022723000031,48.29510119999759
FashionMNIST,Inception-1L,2,0.74725,0.9858333333333333,0.7432057875634418,113.74299040000187,48.92322120000608
FashionMNIST,Inception-1L,3,0.7525833333333334,0.98625,0.7486732554483609,114.93856580002466,48.75575129996287
FashionMNIST,Inception-1L,4,0.7584166666666666,0.9878333333333333,0.7569644614987138,114.59837000002153,47.50804639997659
FashionMNIST,AlexNet-NF,0,0.9049166666666667,0.9986666666666667,0.905014432852792,54.124094300030265,18.322579899977427
FashionMNIST,AlexNet-NF,1,0.9096666666666666,0.99875,0.9085125655326415,54.29918610001914,18.264865999983158
FashionMNIST,AlexNet-NF,2,0.9139166666666667,0.9994166666666666,0.9140970947901093,56.82535729999654,18.520713899983093
FashionMNIST,AlexNet-NF,3,0.9084166666666667,0.9991666666666666,0.9070146126743521,55.98987930000294,18.953857299988158
FashionMNIST,AlexNet-NF,4,0.9031666666666667,0.99875,0.9033648990973514,56.90308359998744,18.27423739997903
FashionMNIST,ResNet18-NF,0,0.93175,0.9991666666666666,0.931480755863656,91.7894550000201,20.65973329998087
FashionMNIST,ResNet18-NF,1,0.9219166666666667,0.9998333333333334,0.9217817913385442,90.89410500001395,21.792019799991976
FashionMNIST,ResNet18-NF,2,0.9258333333333333,0.99925,0.9253568036780155,90.80965829995694,20.87760960002197
FashionMNIST,ResNet18-NF,3,0.9268333333333333,0.9995,0.9263492880877152,92.4534241000074,20.96771290001925
FashionMNIST,ResNet18-NF,4,0.93525,0.9995833333333334,0.9348751128669524,90.66570339997998,21.074096800002735
SVHN,AlexNet-1L,0,0.46532896532896534,0.8757166257166257,0.40972142924278543,64.54537590005202,23.52739709999878
SVHN,AlexNet-1L,1,0.4542724542724543,0.8736008736008736,0.39641004679657105,64.05200480000349,23.369834800017998
SVHN,AlexNet-1L,2,0.4745068596000273,0.8752986144290492,0.42171993799568597,64.15931449999334,23.25987619999796
SVHN,AlexNet-1L,3,0.4755989352262644,0.8795986622073578,0.4190325135860401,64.11080570000922,23.561055199999828
SVHN,AlexNet-1L,4,0.4567606306736742,0.8787113507610402,0.40053482243473015,63.88795929995831,23.110471899970435
SVHN,ResNet18-1L,0,0.3325143325143325,0.7930657930657931,0.24975068342625337,66.30298829998355,24.1567363999784
SVHN,ResNet18-1L,1,0.32043407043407046,0.7925880425880426,0.23632644084631851,66.8695212000166,25.302291400032118
SVHN,ResNet18-1L,2,0.3195003754009965,0.7909357723022319,0.22821438005363048,68.72934489999898,24.138971799984574
SVHN,ResNet18-1L,3,0.32475598935226263,0.7934611971879053,0.22704418332829795,66.44937519996893,23.649680299975444
SVHN,ResNet18-1L,4,0.3313084431096853,0.7889563852296771,0.24972359963884888,67.54965970001649,23.73790220002411
SVHN,Inception-1L,0,0.3228910728910729,0.8033033033033034,0.21034645605803615,140.652883999981,59.63423900003545
SVHN,Inception-1L,1,0.32295932295932295,0.7958640458640459,0.2066646162072705,141.27674370002933,58.143449699971825
SVHN,Inception-1L,2,0.3190908470411576,0.7976929902395741,0.19664010026630727,139.3137374999933,56.65417090000119
SVHN,Inception-1L,3,0.3156098559825268,0.7968739335198962,0.19280259770262126,138.0871610000031,56.43972330004908
SVHN,Inception-1L,4,0.31315268582349326,0.7914818101153505,0.1859903255633378,138.0926239999826,56.88430920004612
SVHN,AlexNet-NF,0,0.9120939120939121,0.9896259896259896,0.9068719766487947,65.02506190002896,22.967037599999458
SVHN,AlexNet-NF,1,0.9091591591591591,0.9901037401037401,0.9035327271692969,68.53388030000497,22.763079399999697
SVHN,AlexNet-NF,2,0.9116101290014333,0.9898983004573066,0.9055899883634219,68.20701430004556,22.864015300001483
SVHN,AlexNet-NF,3,0.9084704115760016,0.9909903760835438,0.902309974500598,67.29003370000282,23.66346979996888
SVHN,AlexNet-NF,4,0.9013719200054604,0.9886014606511501,0.8941761605226158,67.47034580004402,22.674471399979666
SVHN,ResNet18-NF,0,0.9352306852306852,0.9928337428337428,0.9320754882959189,113.87707610003417,25.632975100015756
SVHN,ResNet18-NF,1,0.9357084357084358,0.9927654927654928,0.9328237528112009,117.00145979999797,25.195420500007458
SVHN,ResNet18-NF,2,0.9369326325848065,0.9938570746024162,0.9339090145874733,114.04943359998288,24.124736400030088
SVHN,ResNet18-NF,3,0.9400040952835984,0.9923554706163402,0.9376451617914612,112.52663219999522,24.257653899956495
SVHN,ResNet18-NF,4,0.935226264418811,0.9928332537028189,0.9315685396880568,112.41761110001244,26.240921000018716
STL10,AlexNet-1L,0,0.788,0.994,0.787387402233154,5.304002000018954,1.6951875999802724
STL10,AlexNet-1L,1,0.791,0.989,0.7901984692217048,4.956358199997339,1.563975199998822
STL10,AlexNet-1L,2,0.792,0.992,0.7922079220800559,5.156147999980021,1.5636679999879561
STL10,AlexNet-1L,3,0.8,0.992,0.797768166222585,4.864608599978965,1.616623499954585
STL10,AlexNet-1L,4,0.77,0.987,0.7674715783122533,4.8604847000096925,1.5550166000030003
STL10,ResNet18-1L,0,0.388,0.871,0.3787247891165371,5.476733600022271,1.770681699970737
STL10,ResNet18-1L,1,0.452,0.928,0.4497923214487816,5.226385899994057,1.7684901000466198
STL10,ResNet18-1L,2,0.385,0.891,0.3832510483514923,5.043373900000006,1.7971863999846391
STL10,ResNet18-1L,3,0.349,0.893,0.3411219309529704,4.93616209999891,1.7362750999745913
STL10,ResNet18-1L,4,0.343,0.861,0.3396226369013477,4.940146999957506,1.7474366999813356
STL10,Inception-1L,0,0.798,0.982,0.799376385868064,9.91953969997121,4.1549802999943495
STL10,Inception-1L,1,0.774,0.982,0.778428567428126,9.585515899991151,4.06231830001343
STL10,Inception-1L,2,0.715,0.946,0.6959162102039363,9.572693999973126,4.166321900032926
STL10,Inception-1L,3,0.808,0.982,0.8059608853281033,9.605263700010255,4.197518499975558
STL10,Inception-1L,4,0.805,0.969,0.7955101811637166,9.756304300040938,4.128092600032687
STL10,AlexNet-NF,0,0.836,0.996,0.8373216489498276,5.260848800011445,1.3603999000042677
STL10,AlexNet-NF,1,0.844,0.996,0.8427463481166276,4.786848600022495,1.2833686999510974
STL10,AlexNet-NF,2,0.858,0.994,0.8582486092252548,4.803736499976367,1.3462908000219613
STL10,AlexNet-NF,3,0.855,0.995,0.8544827100913626,4.737688400025945,1.2937184000038542
STL10,AlexNet-NF,4,0.851,0.995,0.8489995120606422,4.823736399994232,1.3432493000291288
STL10,ResNet18-NF,0,0.944,0.996,0.9438248072691013,7.993843499978539,1.723174199985806
STL10,ResNet18-NF,1,0.933,1.0,0.932915748742017,7.738371899991762,1.7901947000063956
STL10,ResNet18-NF,2,0.909,0.999,0.9086830849013093,7.825890299980529,1.8549745999625884
STL10,ResNet18-NF,3,0.945,0.998,0.9446637109962559,7.737395300006028,1.8149495999678038
STL10,ResNet18-NF,4,0.938,0.999,0.9380942430625749,7.716716399998404,1.8618471000227146
DTD,AlexNet-1L,0,0.16489361702127658,0.4574468085106383,0.16103052314631147,8.091249699995387,2.5457797999843024
DTD,AlexNet-1L,1,0.1702127659574468,0.5079787234042553,0.16062248724787423,6.502673799986951,1.7889653000165708
DTD,AlexNet-1L,2,0.2047872340425532,0.5132978723404256,0.19891433726357532,6.566109300008975,2.190622899972368
DTD,AlexNet-1L,3,0.18351063829787234,0.4734042553191489,0.1741990312429699,6.090335400018375,1.829666100034956
DTD,AlexNet-1L,4,0.17287234042553193,0.47074468085106386,0.14990349970018493,6.431381099973805,2.1327420999878086
DTD,ResNet18-1L,0,0.0425531914893617,0.14893617021276595,0.04056109248609692,6.087041300022975,1.6711407999973744
DTD,ResNet18-1L,1,0.034574468085106384,0.1675531914893617,0.03335290299881336,5.916691799997352,1.8713618000037968
DTD,ResNet18-1L,2,0.02925531914893617,0.11702127659574468,0.028170070173876422,5.79721409996273,1.8695510000106879
DTD,ResNet18-1L,3,0.018617021276595744,0.14361702127659576,0.019302036342620194,5.805747200036421,1.7702040000003763
DTD,ResNet18-1L,4,0.0398936170212766,0.14893617021276595,0.03372832840917947,5.881867300020531,1.8605640000314452
DTD,Inception-1L,0,0.08244680851063829,0.24202127659574468,0.0742697297140351,7.638535400037654,2.507909699983429
DTD,Inception-1L,1,0.03723404255319149,0.17819148936170212,0.024792542576614774,7.1948624000069685,2.518458599981386
DTD,Inception-1L,2,0.05851063829787234,0.2393617021276596,0.04674473443732431,7.276237999962177,2.566737099958118
DTD,Inception-1L,3,0.034574468085106384,0.24468085106382978,0.026459278846191054,7.217925400007516,2.4991848000208847
DTD,Inception-1L,4,0.06914893617021277,0.2393617021276596,0.054451127873963334,7.2876250999979675,2.5363741999608465
DTD,AlexNet-NF,0,0.3670212765957447,0.6835106382978723,0.33463171521062823,5.931432300014421,1.4995805000071414
DTD,AlexNet-NF,1,0.40425531914893614,0.7180851063829787,0.38423433021636433,5.917351400014013,1.5169748999760486
DTD,AlexNet-NF,2,0.375,0.6941489361702128,0.34679341969153615,5.922544599976391,1.474203400022816
DTD,AlexNet-NF,3,0.39095744680851063,0.7101063829787234,0.35903526645572625,5.865745699964464,1.5337201000074856
DTD,AlexNet-NF,4,0.4122340425531915,0.7340425531914894,0.3915517334506102,5.819144100008998,1.5271422999794595
DTD,ResNet18-NF,0,0.44148936170212766,0.7473404255319149,0.4079285924487163,6.081952100037597,1.6170539999729954
DTD,ResNet18-NF,1,0.4654255319148936,0.7127659574468085,0.420857646216217,6.262417900026776,1.6461853999644518
DTD,ResNet18-NF,2,0.40691489361702127,0.6861702127659575,0.37306799460313717,6.374341899994761,1.6694648999837227
DTD,ResNet18-NF,3,0.4521276595744681,0.7473404255319149,0.42013336121486194,6.19011170003796,1.6970162999932654
DTD,ResNet18-NF,4,0.4734042553191489,0.7632978723404256,0.4414436929715092,6.143509800022002,1.7323588999570347
Caltech-101,AlexNet-1L,0,0.7235023041474654,0.9153225806451613,0.6214057340175438,13.9309179999982,4.737679299956653
Caltech-101,AlexNet-1L,1,0.7332949308755761,0.9158986175115207,0.6097990520222298,13.807382899976801,4.705730999994557
Caltech-101,AlexNet-1L,2,0.7268011527377521,0.9268011527377522,0.6059711591370366,14.416421899979468,4.422974599990994
Caltech-101,AlexNet-1L,3,0.7285302593659942,0.9268011527377522,0.6249220747783878,14.567741099977866,4.922935499984305
Caltech-101,AlexNet-1L,4,0.7227665706051873,0.9273775216138328,0.6019449057142889,14.635194699978456,5.848027800035197
Caltech-101,ResNet18-1L,0,0.17338709677419356,0.43894009216589863,0.024113243081344937,14.965166600013617,4.773268899996765
Caltech-101,ResNet18-1L,1,0.20161290322580644,0.4326036866359447,0.01753333662170855,14.616771800036076,4.967628000013065
Caltech-101,ResNet18-1L,2,0.24092219020172911,0.43804034582132567,0.038823022825277755,14.840352300030645,5.049330200010445
Caltech-101,ResNet18-1L,3,0.23515850144092218,0.4340057636887608,0.027378377225695427,15.247257500013802,5.1456565000116825
Caltech-101,ResNet18-1L,4,0.21210374639769453,0.4489913544668588,0.029841398927933055,14.937902999983635,4.965477499994449
Caltech-101,Inception-1L,0,0.2805299539170507,0.46889400921658986,0.03728650601456184,23.22227720002411,8.476341900008265
Caltech-101,Inception-1L,1,0.27476958525345624,0.5288018433179723,0.03309127687157375,22.66274090000661,9.055854999984149
Caltech-101,Inception-1L,2,0.2703170028818444,0.48818443804034584,0.032517279952159195,22.516887000005227,8.653649799991399
Caltech-101,Inception-1L,3,0.2876080691642651,0.4731988472622478,0.03994680350942579,22.09347429999616,8.731524700007867
Caltech-101,Inception-1L,4,0.26570605187319885,0.5268011527377522,0.033246855630638374,22.335525100002997,8.867838000005577
Caltech-101,AlexNet-NF,0,0.8277649769585254,0.956221198156682,0.7456723261016687,15.550650499993935,4.498641400015913
Caltech-101,AlexNet-NF,1,0.8398617511520737,0.9596774193548387,0.7623007625259139,14.957905799965374,4.1305649999994785
Caltech-101,AlexNet-NF,2,0.8253602305475505,0.9487031700288184,0.734148243770561,14.929039300011937,4.2583343999576755
Caltech-101,AlexNet-NF,3,0.8322766570605188,0.9538904899135446,0.7527390438016828,15.873276800033636,4.242956300033256
Caltech-101,AlexNet-NF,4,0.8265129682997118,0.9498559077809798,0.7552167854524708,14.465958499989938,4.1131346999900416
Caltech-101,ResNet18-NF,0,0.8773041474654378,0.9694700460829493,0.7728054007113302,16.140843600034714,4.811306000046898
Caltech-101,ResNet18-NF,1,0.8755760368663594,0.9752304147465438,0.7796922754219481,15.715023199969437,5.222863200004213
Caltech-101,ResNet18-NF,2,0.8680115273775216,0.9717579250720461,0.7822461817132803,14.946044200041797,4.944105800008401
Caltech-101,ResNet18-NF,3,0.8703170028818443,0.968299711815562,0.771782701109723,15.893846600025427,5.022504399996251
Caltech-101,ResNet18-NF,4,0.861671469740634,0.9665706051873199,0.7544473218886147,15.207028299977537,4.755138700013049
Caltech-256,AlexNet-1L,0,0.6182620058804312,0.8350212348905587,0.5781501562820103,68.808355199988,25.20700009999564
Caltech-256,AlexNet-1L,1,0.6225089839921594,0.8324077098987259,0.5823010314017318,69.89182530000107,22.94685780000873
Caltech-256,AlexNet-1L,2,0.6270217284757392,0.8380983499428198,0.5883123625630375,69.47744659997988,24.866442499973346
Caltech-256,AlexNet-1L,3,0.6232641725208299,0.8354843979741873,0.5798030031475578,69.38337390002562,22.26960560004227
Caltech-256,AlexNet-1L,4,0.6217938245384741,0.8336873059957524,0.5796920889017613,67.67101160000311,23.716265299997758
Caltech-256,ResNet18-1L,0,0.26347598823913754,0.5408363279973865,0.18327366171796527,68.8701224999968,24.824892100004945
Caltech-256,ResNet18-1L,1,0.23832081019274748,0.49787651094413593,0.15049624463059025,68.27211890002945,24.55060020001838
Caltech-256,ResNet18-1L,2,0.24832543702009477,0.52115667374612,0.1663921580417456,70.09651990002021,24.441980100004002
Caltech-256,ResNet18-1L,3,0.2667864727985623,0.5422316614932201,0.18150149555014625,69.7849503000034,24.149250700022094
Caltech-256,ResNet18-1L,4,0.25420682894951807,0.5178892337853291,0.18193109139365618,70.59794280002825,24.6550283000106
Caltech-256,Inception-1L,0,0.45328324077098986,0.7198627899379287,0.42396473009148933,96.139714799996,35.270906100049615
Caltech-256,Inception-1L,1,0.3894152237830774,0.6824567134923227,0.34578880872348394,91.63095600000815,35.93515760003356
Caltech-256,Inception-1L,2,0.4053259271360889,0.6910635517072374,0.3697046711656784,92.06584699999075,35.10967289999826
Caltech-256,Inception-1L,3,0.3741218755105375,0.707074007515112,0.3370280243332724,91.91856620000908,35.09356710000429
Caltech-256,Inception-1L,4,0.40467243914393075,0.705276915536677,0.3677305218490725,92.43371539999498,35.29080989997601
Caltech-256,AlexNet-NF,0,0.6207121855602744,0.8271806599150604,0.580555675259363,66.71398990001762,22.699708300002385
Caltech-256,AlexNet-NF,1,0.6238157464880758,0.8291408036589349,0.587875109552511,66.8806078999769,22.803275299957022
Caltech-256,AlexNet-NF,2,0.6198333605619997,0.8363012579643849,0.582294618891915,66.99065140000312,22.426084200036712
Caltech-256,AlexNet-NF,3,0.6265316124816207,0.8318902140173174,0.5912719138455279,66.78593439998804,24.04358969995519
Caltech-256,AlexNet-NF,4,0.634863584381637,0.8452867178565594,0.5940445378848703,66.55373709998094,22.88844050001353
Caltech-256,ResNet18-NF,0,0.7017314603070892,0.882391375367527,0.6586940317670278,69.05930119997356,23.401966000034008
Caltech-256,ResNet18-NF,1,0.7035282587389742,0.8861483175432865,0.6590913827034707,68.86094179999782,23.801099999982398
Caltech-256,ResNet18-NF,2,0.7044600555464793,0.8836791373958504,0.6619316935817886,68.90207410004223,23.735836200008634
Caltech-256,ResNet18-NF,3,0.6964548276425421,0.8797582094429015,0.6481371316394777,68.96581780002452,23.5471512999502
Caltech-256,ResNet18-NF,4,0.6967815716386211,0.8854762293742853,0.6579267111308423,68.52646600001026,23.87760490004439
EuroSAT,AlexNet-1L,0,0.8561111111111112,0.9964814814814815,0.8481203315022074,40.97374319995288,14.02565109997522
EuroSAT,AlexNet-1L,1,0.8542592592592593,0.9972222222222222,0.8463880377575395,29.910060700029135,10.431502899969928
EuroSAT,AlexNet-1L,2,0.8455555555555555,0.9962962962962963,0.8384777703237468,29.808202800049912,10.434903700021096
EuroSAT,AlexNet-1L,3,0.8433333333333334,0.9951851851851852,0.8352611168277967,29.812068999977782,10.546946100017522
EuroSAT,AlexNet-1L,4,0.8561111111111112,0.9972222222222222,0.8488256206817884,29.902378100028727,10.36869699996896
EuroSAT,ResNet18-1L,0,0.7811111111111111,0.9896296296296296,0.7657487169718848,30.13295829994604,10.616829300008249
EuroSAT,ResNet18-1L,1,0.7548148148148148,0.9905555555555555,0.7373193810713545,29.9951357000391,10.63215089996811
EuroSAT,ResNet18-1L,2,0.789074074074074,0.9933333333333333,0.774458515175634,30.15740729996469,10.645869900006801
EuroSAT,ResNet18-1L,3,0.7727777777777778,0.9898148148148148,0.7514778721386552,30.112400400044862,10.613599999982398
EuroSAT,ResNet18-1L,4,0.7801851851851852,0.9907407407407407,0.7651991718408651,30.163391100009903,10.72214269998949
EuroSAT,Inception-1L,0,0.8055555555555556,0.9927777777777778,0.7940739999732637,52.647331800020766,23.288818200002424
EuroSAT,Inception-1L,1,0.7948148148148149,0.9909259259259259,0.7814140360282636,52.58345660002669,23.208880399994086
EuroSAT,Inception-1L,2,0.7818518518518518,0.9912962962962963,0.7655617814679706,52.738383499963675,23.190831500047352
EuroSAT,Inception-1L,3,0.8066666666666666,0.9927777777777778,0.7947400900448034,52.65413509996142,23.24052870000014
EuroSAT,Inception-1L,4,0.7964814814814815,0.9925925925925926,0.781775172325069,52.59431770001538,23.303443799959496
EuroSAT,AlexNet-NF,0,0.9462962962962963,1.0,0.9445811684314795,30.252268799988087,9.88725109997904
EuroSAT,AlexNet-NF,1,0.9505555555555556,0.9998148148148148,0.948580123400963,30.426028699963354,9.71504919999279
EuroSAT,AlexNet-NF,2,0.9440740740740741,0.9996296296296296,0.942160499263973,30.30192860000534,9.630164599977434
EuroSAT,AlexNet-NF,3,0.9431481481481482,1.0,0.9413729321546128,30.231554900004994,9.70127160003176
EuroSAT,AlexNet-NF,4,0.9385185185185185,0.9998148148148148,0.9381074585862075,30.119596000004094,9.674580099992454
EuroSAT,ResNet18-NF,0,0.9711111111111111,1.0,0.9703253443442745,41.37982709996868,10.675185100000817
EuroSAT,ResNet18-NF,1,0.9664814814814815,0.9998148148148148,0.9652672632433124,41.1622949000448,10.657572600001004
EuroSAT,ResNet18-NF,2,0.965,1.0,0.9641773533250605,41.20903889997862,10.641278799972497
EuroSAT,ResNet18-NF,3,0.9740740740740741,1.0,0.9728282545206731,41.156955900019966,10.748672899964731
EuroSAT,ResNet18-NF,4,0.9705555555555555,0.9998148148148148,0.9700331866109014,41.227958099974785,10.639446800050791
GTSRB,AlexNet-1L,0,0.6398273273273273,0.9375,0.5694583235616126,28.03524290001951,9.831514100020286
GTSRB,AlexNet-1L,1,0.6351351351351351,0.9335585585585585,0.5411024026792046,27.864409799978603,9.65216189995408
GTSRB,AlexNet-1L,2,0.6206831831831832,0.9269894894894894,0.5318154157593108,27.807104000006802,9.933999100001529
GTSRB,AlexNet-1L,3,0.6518393393393394,0.9382507507507507,0.5759597318253545,27.854518000036478,9.957685100031085
GTSRB,AlexNet-1L,4,0.6477102102102102,0.9391891891891891,0.5618898565410251,27.70360820001224,9.843636000005063
GTSRB,ResNet18-1L,0,0.37894144144144143,0.7231606606606606,0.20688149039085768,28.599493200017605,10.128460900043137
GTSRB,ResNet18-1L,1,0.34121621621621623,0.6929429429429429,0.16650750067018724,28.41686309996294,10.124730599985924
GTSRB,ResNet18-1L,2,0.35454204204204204,0.6886261261261262,0.1669208373828821,28.385152700007893,10.092847399995662
GTSRB,ResNet18-1L,3,0.37462462462462465,0.7222222222222222,0.1992497428964586,28.2764901999617,10.180231600010302
GTSRB,ResNet18-1L,4,0.3639264264264264,0.7100225225225225,0.18866653493879393,28.429114800004754,10.086506900028326
GTSRB,Inception-1L,0,0.40709459459459457,0.6927552552552553,0.19797751299019728,52.09162209997885,22.63238750002347
GTSRB,Inception-1L,1,0.4099099099099099,0.6981981981981982,0.19568502832305495,51.874957100022584,22.602658300020266
GTSRB,Inception-1L,2,0.41403903903903905,0.7006381381381381,0.19494137013069635,51.77643790002912,22.63352339999983
GTSRB,Inception-1L,3,0.37424924924924924,0.7096471471471472,0.18593185241650687,51.77745719999075,22.62826299999142
GTSRB,Inception-1L,4,0.3736861861861862,0.6931306306306306,0.17705746219695734,51.837708899984136,22.63290510000661
GTSRB,AlexNet-NF,0,0.9908033033033034,0.9994369369369369,0.9929134452130349,28.666845200001262,9.001028599974234
GTSRB,AlexNet-NF,1,0.984984984984985,0.9992492492492493,0.9866800824994636,28.49144170002546,8.923876999993809
GTSRB,AlexNet-NF,2,0.9834834834834835,0.9996246246246246,0.9813763028256781,28.4278847000096,9.06310480000684
GTSRB,AlexNet-NF,3,0.9846096096096096,0.9988738738738738,0.986379345259179,28.544165499974042,9.111604899982922
GTSRB,AlexNet-NF,4,0.9878003003003003,0.9996246246246246,0.98988077672768,28.585512300021946,8.948542000027373
GTSRB,ResNet18-NF,0,0.9962462462462462,1.0,0.9968423920943339,40.88988490001066,10.107804399973247
GTSRB,ResNet18-NF,1,0.9968093093093093,1.0,0.9969257027101327,40.66145700000925,10.138606299995445
GTSRB,ResNet18-NF,2,0.9962462462462462,1.0,0.9965921604079234,40.64006350003183,10.102879599959124
GTSRB,ResNet18-NF,3,0.996996996996997,1.0,0.9972032005368904,40.63963839999633,10.096168300020508
GTSRB,ResNet18-NF,4,0.9956831831831832,0.9998123123123123,0.9972634145932241,41.293427199998405,10.273764599987771
Oxford-IIIT Pet,AlexNet-1L,0,0.5434782608695652,0.9144021739130435,0.522050164561249,12.790654499956872,3.7043606999795884
Oxford-IIIT Pet,AlexNet-1L,1,0.5176630434782609,0.9116847826086957,0.5109929877922401,10.274442000023555,2.9445964000187814
Oxford-IIIT Pet,AlexNet-1L,2,0.561141304347826,0.8777173913043478,0.5464826289275785,10.249084000010043,3.6787191999610513
Oxford-IIIT Pet,AlexNet-1L,3,0.5258152173913043,0.875,0.5110953302442184,10.827334799978416,3.7589262999827042
Oxford-IIIT Pet,AlexNet-1L,4,0.5149456521739131,0.9008152173913043,0.504736570088649,10.266105299990159,3.5814877999946475
Oxford-IIIT Pet,ResNet18-1L,0,0.11413043478260869,0.37771739130434784,0.10208540523079118,10.462653599970508,3.4612071000155993
Oxford-IIIT Pet,ResNet18-1L,1,0.09782608695652174,0.421195652173913,0.08158314282334792,10.165361299994402,3.3812568000284955
Oxford-IIIT Pet,ResNet18-1L,2,0.10054347826086957,0.36277173913043476,0.09347150464117308,10.265102099976502,3.3705376000143588
Oxford-IIIT Pet,ResNet18-1L,3,0.13179347826086957,0.4157608695652174,0.12502662249712523,10.375304399989545,3.342485499975737
Oxford-IIIT Pet,ResNet18-1L,4,0.13179347826086957,0.421195652173913,0.12068766264373447,10.070421900018118,3.4335431999643333
Oxford-IIIT Pet,Inception-1L,0,0.30978260869565216,0.7472826086956522,0.3424842113797552,12.933350900013465,4.711985800007824
Oxford-IIIT Pet,Inception-1L,1,0.41847826086956524,0.7989130434782609,0.4388505703792614,13.023214599990752,4.649477899947669
Oxford-IIIT Pet,Inception-1L,2,0.45652173913043476,0.8206521739130435,0.4676186905505039,13.106101600045804,4.66791399999056
Oxford-IIIT Pet,Inception-1L,3,0.46603260869565216,0.813858695652174,0.48294872539932154,13.059821299975738,4.737525800010189
Oxford-IIIT Pet,Inception-1L,4,0.4470108695652174,0.7853260869565217,0.455075504008005,12.791086599987466,4.668669999984559
Oxford-IIIT Pet,AlexNet-NF,0,0.7635869565217391,0.9714673913043478,0.7631139857295548,10.33029740001075,2.8880491000018083
Oxford-IIIT Pet,AlexNet-NF,1,0.7432065217391305,0.9619565217391305,0.7446195025227348,10.225812999997288,2.966381400008686
Oxford-IIIT Pet,AlexNet-NF,2,0.7459239130434783,0.96875,0.7417761443785751,10.257441000023391,2.9520546999992803
Oxford-IIIT Pet,AlexNet-NF,3,0.7350543478260869,0.9510869565217391,0.7330554940495834,10.304550000000745,2.8344804999651387
Oxford-IIIT Pet,AlexNet-NF,4,0.7092391304347826,0.9633152173913043,0.7049975932357355,10.400793800014071,2.8266167000401765
Oxford-IIIT Pet,ResNet18-NF,0,0.8125,0.9850543478260869,0.8085730750147416,10.737865900038742,3.0748683999991044
Oxford-IIIT Pet,ResNet18-NF,1,0.8573369565217391,0.9877717391304348,0.8554921959538884,10.725169999990612,2.940996399964206
Oxford-IIIT Pet,ResNet18-NF,2,0.8627717391304348,0.9850543478260869,0.861925239303345,10.553933900024276,3.0397752999560907
Oxford-IIIT Pet,ResNet18-NF,3,0.8288043478260869,0.9850543478260869,0.8257611279576306,10.47889180004131,3.0471894000074826
Oxford-IIIT Pet,ResNet18-NF,4,0.8125,0.9809782608695652,0.810540050842668,10.485725799982902,3.0478133000433445
Food-101,AlexNet-1L,0,0.4062046204620462,0.6893069306930693,0.3932316295641366,522.1816500999848,150.6204922000179
Food-101,AlexNet-1L,1,0.4165016501650165,0.6914191419141914,0.4065518248351718,237.83035669999663,80.03276139998343
Food-101,AlexNet-1L,2,0.4040924092409241,0.683036303630363,0.3920545236934673,216.20257560000755,73.7389273000299
Food-101,AlexNet-1L,3,0.403960396039604,0.6862046204620462,0.38781361442955126,212.90538319997722,72.35076399997342
Food-101,AlexNet-1L,4,0.41273927392739274,0.6865346534653466,0.39914960638881514,212.56437799998093,73.62411500001326
Food-101,ResNet18-1L,0,0.2879207920792079,0.5557095709570957,0.260794800741518,212.5668391000363,71.29694840003503
Food-101,ResNet18-1L,1,0.29993399339933996,0.5566996699669967,0.2697574814263154,209.0612960999715,69.61185709998244
Food-101,ResNet18-1L,2,0.2961056105610561,0.5596039603960397,0.2703889246916832,209.07967590005137,69.75258329999633
Food-101,ResNet18-1L,3,0.2998019801980198,0.5586138613861387,0.27237357549628827,201.62079109996557,69.50996179995127
Food-101,ResNet18-1L,4,0.2928052805280528,0.5582838283828383,0.2670476978541432,203.9314096000162,69.53821780002909
Food-101,Inception-1L,0,0.33075907590759074,0.6046864686468647,0.2997633008419474,264.4748305999674,95.23850539996056
Food-101,Inception-1L,1,0.3225742574257426,0.5840264026402641,0.2855206800164625,262.1132365000085,94.89030879997881
Food-101,Inception-1L,2,0.32897689768976895,0.6029042904290429,0.29743241943171794,263.68932520004455,94.91643040004419
Food-101,Inception-1L,3,0.32475247524752476,0.5897029702970297,0.29560291746873507,265.0170947999577,95.67983590002405
Food-101,Inception-1L,4,0.3176897689768977,0.5896369636963696,0.2868760075558432,266.6460393000161,96.35149359999923
Food-101,AlexNet-NF,0,0.47326732673267324,0.7469306930693069,0.4689840115444078,205.352216600033,71.19125609996263
Food-101,AlexNet-NF,1,0.4858745874587459,0.7596039603960396,0.48217500336057856,204.03461069997866,69.55294219998177
Food-101,AlexNet-NF,2,0.4777557755775578,0.7485148514851485,0.47038292499243434,203.87290399998892,71.0584266000078
Food-101,AlexNet-NF,3,0.47333333333333333,0.7481848184818481,0.4680661523080174,203.44733749999432,70.04532740003197
Food-101,AlexNet-NF,4,0.4700990099009901,0.7428382838283828,0.46538918816238367,203.63626709999517,71.70033520000288
Food-101,ResNet18-NF,0,0.6444884488448845,0.8695709570957095,0.6430622070113308,213.19702089997008,70.80611020000651
Food-101,ResNet18-NF,1,0.6525412541254125,0.876963696369637,0.649734952316247,212.23272470000666,69.41881649999414
Food-101,ResNet18-NF,2,0.6436303630363036,0.8722772277227723,0.6423640258788,212.38060959998984,69.59997119999025
Food-101,ResNet18-NF,3,0.6487128712871287,0.8717491749174917,0.6467445676301752,215.03877640003338,69.47216110001318
Food-101,ResNet18-NF,4,0.6393399339933994,0.863960396039604,0.638223912180247,238.0149514999939,80.60942870000144
